,#IC2005,,,,,,,,,,,,,,,
ic2005hamano,非対称ネットワークを隠蔽する高速通信インフラストラクチャの設計と実装,インターネットコンファレンス2005論文集,36-42,2005,10月27日,ja,グリッド環境で問題となっている非対称ネットワークを扱う研究は数多く存在するが、十分な接続性とグリッド環境に適したセキュリティ・サイトポリ シ非依存性・高通信性能を達成するものは存在しない。そこで、非対称ネットワークを隠蔽し、それを意識せず通信可能であり、グリッド環境に適した通信イン フラストラクチャを提案する。また、そのプロトタイプJRouter を実装し、それを用いて実際のグリッド環境でその性能評価を行った。その結果、接続性・セキュリティ・サイトポリシ非依存性において十分な性能であるが、 通信性能において十分とは言えないという結論に至ったため、更なる性能向上のための施策について議論を行う。,,濱野智行,中田秀基,松岡聡,,,,,
,# SWOPP ＠武雄温泉,,,,,,,,,,,,,,,
swopp05yamagata,カスタマイズ可能な仮想計算機上におけるグリッドでのジョブ実行,電子情報通信学会 CPSY 研究会報告,,2005,8月3-5,ja,近年グリッドでは、ユーザーが投入するジョブが多様化しており、それに伴いユーザーの求める実行環境 も多様化している。しかし、すべてのサイトでユーザーの求める実行環境が提供されているとは限らない。そこで我々は仮想計算機とユーザーがカスタマイズ可 能なインストレーション機構を組み合わせ、ユーザーがジョブ実行環境を容易に構築できるシステムを提案する。本システムではGRAM 経由で、カスタマイズ可能なインストレーション機構であるLucie [5] を呼び出し、これを用いて仮想計算機の構築を行い、その計算機上でジョブを実行することができる。このシステムを評価した結果、既存の計算機環境に影響を 与えないジョブの実行が可能であった。環境構築時間も一般的なグリッドジョブの実行時間と比べて許容範囲であることを確認し、本研究の有効性を確認した。,,山形育平,青木孝文,高宮安仁,中田秀基,松岡聡,,,
swopp05machida,レプリカ管理システムを利用したデータインテンシブアプリケーション向けスケジューリングシステム,電子情報通信学会 CPSY 研究会報告,,2005,8月3-5,ja,グリッド環境において既存のスケジューリングシステムはデータ入出力を共有ファイルシステムや単純なステージング機構を利用して行っている。しかしこれらの手法ではデータ保持ノードはアクセス集中によりパフォーマンスが低下、そして最悪の場合にはハングアップしてしまう。またユーザが同一のデータセットを利用する多数のタスクからなるジョブを実行した場合、スケジューリング後に毎回同じデータをステージングするのは非効率である。そこで本研究では複数ノードへO(1) の転送時間でデータを複製できるスケーラブルなレプリカ管理システムをステージング機構として利用し、レプリカを再利用するような効率的なスケジューリングを可能とするシステムを提案する。プロトタイプシステム上でサンプルアプリケーションを実行したところ従来の共有ファイルシステムやステージング機構を利用したものより高い性能が確認できた。,,町田悠哉,滝澤真一朗,松岡聡,中田秀基,,,,
swopp05tatezono,仮想計算機を用いて負荷分散を行うMPI実行環境,電子情報通信学会 CPSY 研究会報告,,2005,8月3-5,ja,長時間に及ぶ実行や遊休計算機上での実行などにおいては、各計算機間の負荷分散が重要である。我々は 仮想計算機を用いた負荷分散可能なMPI 実行環境を提案する。これはMPI 実行環境を仮想計算機ごとマイグレーションさせることにより、MPI プロセスに透過的なマイグレーションを実現する。仮想計算機としてXen [8] を用い、同計算機が持つマイグレーション機能を用いたプロトタイプを実装した。さらに、VPN を用いたネットワークの仮想化によって、異なるサブネットへのマイグレーションを実現した。同プロトタイプを評価した結果、MPI 実行時マイグレーションが可能かつ、仮想化によるオーバーヘッドは10%から、通信の頻繁なものでは50%超えることが分かった。また、同プロトタイプに 負荷分散アルゴリズムを実装し、長時間実行されるジョブにおいて実行効率の向上を確認し、本提案の有効性を確認した。,,立薗真樹,松岡聡,中田秀基,,,,,
swopp05tanimura,GridRPC を用いたタスクファーミングAPIの設計と実装,情報処理学会研究報告 2005-HPC-103,,2005,8月3-5,ja,本研究では，グリッド上でタスク並列を行うアプリケーションを開発する手間を削減することを目指して，GridRPC の上位にタスクファーミングAPI を提供するミドルウェアを設計した．実アプリケーションの事例研究から得られた要求仕様をもとにAPI を提案し，タスクの自動割り当てや耐障害に関する機能をミドルウェア内部に実装した．そのような上位ミドルウェアを実装するために，Argument Array API に引数データのコピー機能が求められること，ノンブロッキング呼び出しにおけるデータ通信のタイミングとRPC の実行情報を取得する方法がGridRPC で標準化される必要があることを明らかにした．,ninf,谷村勇輔,中田秀基,田中良夫,関口智嗣,,,,
swopp05kawakami,並列分枝限定法における耐故障アルゴリズムの評価,情報処理学会研究報告 2005-HPC-103,49-54,2005,8月3,ja,計算機クラスタやグリッドで大規模な処理を行った場合，計算ノードで障害が発生すると計算全体が停止してしまう恐れがあり，並列計算における耐故障性は非常に重要なテーマである．本稿では，マスタ・ワーカモデルを用いた並列分枝限定法における耐故障性を実現するための手法であるタスクの多重化による手法とワーカの監視による手法の性能評価について述べる．タスクの多重化による手法には，実行時間を削減するために新たに不要な処理の中断機構を実装した．本性能評価の結果，中断機構により，実行時間が大幅に短縮されることが確認された．また，両手法ともに高い耐高負荷及び耐障害性を有することが確認された,ninf,川上健太,合田憲人,,,,,,
,# HPC研究会＠津田沼,,,,,ja,,,,,,,,,,
hpc0506nakada,GridRPCシステムNinf-GにおけるUNICOREおよびGT4によるジョブ起動,情報処理学会研究報告 2005-HPC-102 ,45-50,2005,,ja,GridRPCシステムNinf-GにおけるUNICOREおよびGrobus Toolkit 4を用いたジョブ起動機構に関して報告する。Ninf-GはGrobus Toolkit２および３を用いたジョブ起動機構をクライアントライブラリに内臓している。しかしUNICOREやGrobus Toolkit 4ではC言語でのクライアントAPIが提供されていないため、ジョブ起動機構をクライアントライブラリに内臓することはできない。我々は、ジョブ起動機構 を外部モジュールとしてクライアントライブラリから切り離すための汎用プロトコルを設計した。このプロトコルを使用することで、Ninf-Gクライアント ライブラリ本体に手を加えることなく、新たなジョブ起動機構を追加することができる。,ninf,中田秀基,田中良夫,関口智嗣,,,,,
hpc0506iino,ユーザーのステアリングを許すインタラクティブなジョブ゛スケジューリングシステム,情報処理学会研究報告 2005-HPC-102 ,39-44,2005,,ja,複数のジョブから構成されるワークフローを、グリッド上でパッチ的に実行する研究は多くなされている。しかし、アプリケーションユーザの持つジョ ブの中には、基本的にはワークフロー的な構造を持つものの、各ジョブの実行においてユーザからの操作が不可欠なものも少なくない。このようなジョブは既存 のワークフロー機構で実行することは難しい。我々は基本的にはワークフローに従った処理をしつつも、ユーザからの入力が不可欠な場面ではユーザに操作の要 求を行う。ワークフロージョブスケジューリングシステムを開発した。ワークフローシステムのベースとしては、CondorのDAGManを用いた。この DAGManの機構を利用して、ユーザからのステアリングを受け付ける機構を実装した、また、本システムを系統樹推定問題に適用し、有効性を確認した。,,飯野　彰子,中田秀基,下平英寿,松岡聡,,,,
hpc0506hatanaka,OGSA アーキテクチャに基づく NAREGI スーパースケジューラの設計と実装,情報処理学会研究報告 2005-HPC-102 ,33-38,2005,,ja,本稿では、OGSA-EMS のサービス・アーキテクチャに沿った NAREGI スーパースケジューラ の設計と実装について述べる。NAREGI スーパースケジューラの実装をとおして OGSA-EMS アーキテクチャの実現可能性を確認すると同時に、ヘテロかつ多数台の計算資源を要求する MPI並列ジョブの自動資源割当における OGSA-EMS 仕様の問題点を明確化するとともに それを解決する OGSA-EMS 構成要素への拡張を提案する。,,畑中正行,中野恭成,井口裕次,大野利男,秋岡明香,佐賀一繁,中田秀基,松岡　聡
,#SACSIS 2005,,,,,ja,,,,,,,,,,
sacsis05ono,Ninf-1/Ninf-Gを用いたNMR蛋白質立体構造決定のための遺伝アルゴリズムのグリッド化,"先進的計算基盤システムシンポジウム SACSIS 2005, IPSJ Symposium Series Vol. 2005, No. 5",143-151,2005,,ja,"核磁気共鳴法(NMR) は，ポストシーケンスにおける最重要課題の一つである蛋白質立体構造解析の有望な手段である．しかし，専門家でさえ，一つの蛋白質のデータ解析に数ヶ月程度の試行錯誤が必要なことが深刻な問題となっている．これに対し，Ono らは遺伝アルゴリズム(GA) に基づくデータ解析の自動化手法を提案し，13 残基程度の小規模な問題において比較的良好な性能を得られたと報告している．しかし，実際に扱わなければならない問題規模は数十残基から二百残基程度である．たとえば，78 残基の場合，Pentium III 1.4GHz のシングルCPU のPC では，計算が終了するまでに約200 日程度の時間がかかってしまうことが見積もられており，高速化が望まれている．本論文では，ミドルウェアNinf-1 およびNinf-G を用いてOno らの提案したGA をグリッド上で並列化したシステム（NMR 蛋白質立体構造決定のためのグリッド向けGA システム）を提案する．5 サイト/1,196CPU から構成されるグリッドテストベッド上で，提案システムの性能評価を行う．",ninf,小野功,水口尚亮,中島直敏,小野典彦,中田秀基, 松岡聡,関口 智嗣,楯 真一
sacsis05takemiya,Hybrid QM/MDシミュレーション：MPIとGridPRCを利用した大規模Gridアプリケーションの実行,"先進的計算基盤システムシンポジウム SACSIS 2005, IPSJ Symposium Series Vol. 2005, No. 5",153-160,2005,,ja,,ninf,武宮 博,田中良夫,中田秀基,関口智嗣,,,,
sacsis05kawakami,並列分枝限定法における耐故障アルゴリズムの評価,"先進的計算基盤システムシンポジウム SACSIS 2005, IPSJ Symposium Series Vol. 2005, No. 5 (ポスター発表)",231,2005,,ja,,ninf,川上健太,合田憲人,,,,,,
,＃ACS10,,,,,ja,,,,,,,
acs10tanimura,耐障害性を考慮したNinf-Gアプリケーションの実装と評価,"情報処理学会論文誌 コンピューティングシステム Vol. 46, No. SIG 7(ACS 10)",18-27,2005,5月,ja,我々はグリッドのアプリケーションにとって耐障害性が重要課題であることをふまえて，タスク並列アプリケーションをGridRPC システムの1 つであるNinf-G を用いて実装し，アジア太平洋地域のグリッドのテストベッド上で長時間にわたり実行した．その中で障害パターンを集めて，障害の検知や復旧にかかるコストを測定しながら耐障害性の機構を検討した．本研究により，グリッドが持つ不安定さに対応したアプリケーションやミドルウェアでは，障害検知や復旧の操作におけるタスク実行の性能低下に留意する必要があるとともに，性能低下を防ぐために，障害検知のためのタイムアウト値の最小化や復旧のバックグラウンド処理，障害を考慮したタスク割当てが必要であることが分かった．こうして，グリッドのアプリケーション開発者に対して開発や実行時の留意点を示すとともに，GridRPC の枠組みの上位に求められる耐障害に関する機構の設計への指針を示した．,ninf,谷村勇輔,池上努,中田秀基,田中良夫,関口智嗣
,#,,,,,,,,,,,,
iee05osumi,グリッドコンピューティングを用いた並列分枝限定法,"電気学会全国大会シンポジウム講演論文集, S18-6",,2005,Mar.,ja,,ninf,大角知孝,合田憲人,,,
,#saint,,,,,,,,,,,,
saint05aida,A Case Study in Running a Parallel Branch and Bound Application on the Grid,Proceedings of the 2005 International Symposium on Applications and the Internet (SAINT 2005 Workshops) ,164-173,2005,,en,,ninf,Kento Aida,Tomotaka Osumi,,,
saint05takizawa,A Scalable Multi-Replication Framework for Data Grid,Proceedings of the 2005 International Symposium on Applications and the Internet (SAINT 2005 Workshops) ,310-315,2005,,en,"Existing replica services on the Grid we know to date assumes point-to-point communication and file transfer protocol. As such, when hundreds to thousands of hosts on the Grid access a single dataset simultaneously, bottlenecks in networks and/or the data servers will hinder performance significantly. Instead, our replication framework couples efficient, multicast techniques with a replica catalog that automatically detects simultaneous access to the replica by multiple nodes. As a prototype, we have designed and built a portable, XML-based replica location service accounting for such parallel transfer requests, and coupled it with a O(1) bulk file transfer system Dolly+[6]. The benchmarks show that the system is scalable and effective in reducing replication costs significantly in cluster-based replication scenarios.",,Shin'ichiro Takizawa,Yasuhito Takamiya,Hidemoto Nakada,Satoshi Matsuoka,
,#HOKKE 2005,,,,,ja,,,,,,,
hokke05akioka,グリッド環境におけるスーパースケジューラ連携手法の検討,情報処理学会研究報告 2004-HPC-101,55-60,,,ja,グリッド環境において効果的な負荷分散を実現するために、従来からスーパースケジューラの利用が提案されてきた。しかし、グリッド環境にスーパースケジューラが複数存在する場合の挙動は充分な検討がされていない。本稿では、スーパースケジューラの連携手法とその効果について、グリッドシミュレータを用いて検討した。その結果、複数のスーパースケジューラが単独で機能するよりも、階層構造や分散ネットワークを構成して協調することで、アプリケーションの実行待ち時間を短縮し、グリッド計算資源の利用効率を高めることを確認した。さらに、スーパースケジューラが階層構造を構成する場合と分散ネットワークを構成する場合について、利点と欠点を確認した。,,秋岡明香,竹房あつ子,中田秀基,松岡聡,三浦謙一
hokke05tanimura,GridRPCシステムの比較 --アプリケーション開発における違い,情報処理学会研究報告 2004-HPC-101,91-96,2005,,ja,"本研究では，代表的なGridRPCシステムである Ninf-G, NetSolveおよびOmniRPCに注目し，それぞれのシステムを使ってアプリケーションを開発する上での違いを調査した．システムが想定している用途の違いを踏まえて，プログラミングや遠隔実行プログラムの起動方法，利用できる環境，実行をサポートする機能の違いについて明らかにし，単一RPC実行時の性能比較を行った．また，将来的にサポートが進むであろう機能や発展的なRPCについても言及した．こうした調査結果は，どのシステムを利用してアプリケーションを開発するかを決める上で有用な情報になると考える．",ninf,谷村勇輔,中田秀基,田中良夫,関口智嗣,
hokke05sato,ファイルへのアクセスの自動分散を行うグリッド用分散ファイルシステム,報処理学会研究報告 2004-HPC-101(HOKKE2005),,2005,,ja,HPCクラスタやグリッドなどの並列計算環境では アプリケーションによっては ファイルを保持するノードへのアクセス集中が発生し 実行性能の低下が問題となる 既存の分散ファイルシステム上でこのようなアクセス集中を避けるためには ユーザがアプリケーションの作成時や実行時に明示的にファイルアクセスの分散を行うことが必要となるが 環境が不均質であるグリッドではこのような対応は困難であり負担が大きい 我々は ファイルシステム側でアクセスの集中を検知し ファイル複製を積極的に利用して ファイルへアクセスを分散する手法を提案する 本稿では グリッドファイルシステムであるGfarmを用いてファイルへのアクセスが集中する例 理想的なアクセスパターンの例について検証を行った また 提案手法をGfarmに実装したプロトタイプを用いて ファイルへのアクセスの自動分散の有効性を確認した．,,佐藤仁,松岡聡,中田秀基,,
hokke05hamano,非対称ネットワークを隠蔽する高速通信インフラストラクチャの設計と実装,報処理学会研究報告 2004-HPC-101(HOKKE2005),85-90,2005,,ja,グリッド環境で問題となっている非対称ネットワークを扱う研究は数多く存在するが、十分な接続性とグリッド環境に適したセキュリティ・サイトポリ シ非依存性・高通信性能を達成するものは存在しない。そこで、非対称ネットワークを隠蔽し、それを意識せず通信可能であり、グリッド環境に適した通信イン フラストラクチャを提案する。また、そのプロトタイプJRouter を実装し、それを用いて実際のグリッド環境でその性能評価を行った。その結果、接続性・セキュリティ・サイトポリシ非依存性において十分な性能であるが、 通信性能において十分とは言えないという結論に至ったため、更なる性能向上のための施策について議論を行う。,,濱野智行,中田秀基,松岡聡,,
hokke05shirose,グリッド環境におけるモニタリングシステムの自律的構成,報処理学会研究報告 2004-HPC-101(HOKKE2005),,2005,,ja,グリッド環境での計算機資源のモニタリングは、効率の良い自動的な資源配分やグリッド環境の把握などに必要である。しかし、依存関係を持つ多数の 構成要素から成り立っているため、その運用を人間の作業のみで行うのは限界がある。本研究では標準化団体の提案するモニタリングシステムのアーキテクチャ に基づき、個々の構成要素が分散アルゴリズムなどを用いて自律的に設定やその更新を行うモデルを提案する。提案に基づいて既存のモニタリングシステムを対 象にした管理機構を試作した。テストベッド環境の14 個のPC クラスタのログインノードへの初期設定を10 分程度で行い、障害修復の機能が動作することを確認した。,,白勢健一郎,松岡聡,中田秀基,,
,#,,,,,,,,,,,,
hpcs05tanimura,耐障害性を考慮したNinf-Gアプリケーションの実装と評価,"ハイパフォーマンスコンピューティングと計算科学シンポジウム, HPCS2005",99-106,2005,1月,ja,我々はグリッドのアプリケーションにとって耐障害性が重要課題であることをふまえて，タスク並列アプリケーションをGridRPC システムの1 つであるNinf-G を用いて実装し，アジア太平洋地域のグリッドのテストベッド上で長時間にわたり実行した．その中で障害パターンを集めて，障害の検知や復旧にかかるコストを測定しながら耐障害性の機構を検討した．本研究により，グリッドが持つ不安定さに対応したアプリケーションやミドルウェアでは，障害検知や復旧の操作におけるタスク実行の性能低下に留意する必要があるとともに，性能低下を防ぐために，障害検知のためのタイムアウト値の最小化や復旧のバックグラウンド処理，障害を考慮したタスク割当てが必要であることが分かった．こうして，グリッドのアプリケーション開発者に対して開発や実行時の留意点を示すとともに，GridRPC の枠組みの上位に求められる耐障害に関する機構の設計への指針を示した．,ninf,谷村勇輔,池上努,中田秀基,田中良夫,関口智嗣
,#,,,,,ja,,,,,,,
keisoku04aida,PCクラスタ／グリッドコンピューティングによる分枝限定法の高速化,計測自動制御学会 第34回自律分散システム部会研究会,,2004,Dec.,ja,,ninf,合田憲人,,,,
comsys04nakagawa,並列組合せ最適化システムjPoPの分枝限定法の実装,コンピュータシステム・シンポジウム論文集,85-92,2004,,ja,多次元パラメータ関数の最適値を求める組合せ最適化問題の解法としては、分枝限定法や遺伝的アルゴリズムなどが知られている。これらの解法はグ リッド上での実行に適しているが、グリッド上での分散並列プログラミングは煩雑である上、実行時にも実行ファイルや設定ファイルをユーザがインストールし なければならないといった問題がある。我々はこれらの問題を解決し、最適化問題解法のグリッド上での実行を容易にするシステムjPoP を開発している。本稿では、jPoP の分枝限定法用のテンプレートクラスであるjPoP-BB の設計およびマスタ・ワーカ方式を用いたプロトタイプの並列実装について述べる。また、0-1 ナップサック問題を用いた評価に関しても報告する。評価の結果、本実装は大規模なシステム上でも実行でき、かつ一般的な問題のほとんどに対して実行時間の 面から十分な並列効果が得られることがわかった。,jojo,中川伸吾,中田秀基,松岡聡,,
mps04tanaka,遺伝子ネットワーク推定のための並列GPアルゴリズムの評価,"情報処理学会シンポジウムシリーズ 数理モデル化と問題解決シンポジウム論文集 Vol.2004, No.12",171-178,2004,,ja,遺伝子ネットワーク推定とは，遺伝子の発現量データ系列から複数の遺伝子間における制御関係を推測するものである．この相互関係は，非線形連立微 分方程式によって表現される．これまで，遺伝子ネットワーク推定は，S-system 表記の微分方程式を用いたものが一般的であったが，S-system 表記の微分方程式は質量作用則表記の近似式であり，遺伝子間の具体的な相互関係を推定することが困難であった．そこで我々は，質量作用則に基づいた非線形 連立微分方程式表記を採用し，進化的計算の一手法である遺伝的プログラミングを用いて，データ系列から相互作用を示す関数を自動推定するシステムを開発し た．本稿では，開発したシステムの係数最適化部分に注目し，導入した効率的な探索手法を評価した．その結果，導入した手法は解を効率的に探索できることが わかった．,jojo,田中康司,中田秀基,岡本正宏,松岡聡,
,#grid2004,,,,,,,,,,,,
grid2004tanaka,"Design, implementation and performance evaluation of GridRPC programming middleware for a large-scale computational Grid",Proceeding of 5th IEEE/ACM International Workshop on Grid Computing.,,2004,,en,"This paper reports on the design, implementation and performance evaluation of a suite of GridRPC programming middleware called Ninf-G Version 2 (Ninf-G2). Ninf-G2 is a reference implementation of the GridRPC API, a proposed GGF standard. Ninf-G2 has been designed so that it provides 1) high performance in a large-scale computational Grid, 2) the rich functionalities which are required to adapt to compensate for the heterogeneity and unreliability of a Grid environment, and 3) an API which supports easy development and execution of Grid applications. Ninf-G2 is implemented to work with basic Grid services, such as GSI, GRAM, and MDS in the Globus Toolkit version 2. The performance of Ninf-G2 was evaluated using a weather forecasting system which was developed using Ninf-G2. The experimental results indicate that high performance can be attained even in relatively fine-grained task-parallel applications on hundreds of processors in a Grid environment.",ninf,Yoshio Tanaka,Hiroshi Takemiya,Hidemoto Nakada,Satoshi Sekiguchi,
,#acs7,,,,,,,,,,,,
acs7takemiya,Ninf-G2: 大規模Grid環境での利用に即した高機能，高性能GridRPCシステムの実装と評価,"情報処理学会論文誌 コンピューティングシステム Vol. 45, No. SIG 11(ACS 7)",144-159,2004,Oct.,ja,,ninf,武宮博,田中良夫,中田秀基,関口智嗣,
acs7nakada,耐故障性を重視したRPCシステムNinf-Cの設計と実装,"情報処理学会論文誌 コンピューティングシステム Vol. 45, No. SIG 11(ACS 7)",160-170,2004,Oct.,ja,,ninf,中田秀基,田中良夫,松岡聡,関口智嗣,
acs7watanabe,Relis-G：計算グリッドのための遠隔ライブラリインストール機構,"情報処理学会論文誌 コンピューティングシステム Vol. 45, No. SIG 11(ACS 7)",196-206,2004,Oct.,ja,,ninf,渡邊啓正,本多弘樹,弓場敏嗣,田中良夫,佐藤三久
,#swopp 2004,,,,,,,,,,,,
swopp04machida,ポータビリティの高いジョブスケジューリングシステムの設計と実装,情報処理学会研究報告 2004-HPC-99,217-222,2004,8月1日,ja,グリッド環境に存在する不安定性と非均質性という２つの特徴に対応したジョブスケジューリングシステムJay について述べる．Jay はウィスコンシン大学で開発されたスケジューリングシステムCondor の構造をベースとし，ポータビリティを高めるためJava で実装を行った．ここでJava にはプロセスのユーザID を安全に変更する手法がないという問題が生じたが，JNI をサポートしていないJava 環境においても稼働するようなポータブルなC++デーモンを開発することでこの問題に対処した．小規模環境における評価実験により，本システムが耐故障性 と高いポータビリティを備えていることが示された．,,町田悠哉,中田秀基,松岡聡,,
swopp04takizawa,グリッド上のスケーラブルな並列レプリケーションフレームワーク,情報処理学会研究報告 2004-HPC-99,247-252,2004,8月1日,ja,グリッド環境におけるデータレプリケーション手法として，レプリカ管理とデータ転送の集約およびマルチキャスト転送を利用し，複数サイト間の巨大 データの効率的なレプリケートを可能とする，並列レプリケーションフレームワークを提案する．レプリカ情報を集中管理するレプリカ管理サービス，および データ要求元に応じて複数レプリカの中から最適なレプリカを選択し，同時並列ファイル転送ツールであるDolly+による高速ファイル転送を行うレプリ ケーションサービスからなるプロトタイプを実装した．遠隔データサイトに複数クラスタが接続された実際のデータグリッド環境においてプロトタイプの評価を 行った結果，ノード数の増加によらずほぼ一定時間内にレプリケーションを完了し，クラスタ内でキャッシュを管理する単純な手法よりも優れたスケーラビリ ティを示した．,,滝澤真一朗,高宮安仁,中田秀基,松岡聡,
swopp04yamgata,Speculativeチェックポインティングの設計と実装,電子情報通信学会技術研究報告　DC2004-13〜20,31-36,2004,8月1日,ja,並列プロセスでの同期チェックポインティングでは，チェックポイントを単一レポジトリに保存する時にディスクI/O の負荷が時間的に集中する．本研究ではこれを解決する方法として，インクリメンタルチェックポインティングを改善した投機的チェックポインティングを提案 する．これはチェックポインティングの合間にページ更新予測に基づく投機的なチェックポインティングを行うことによりチェックポインティングのタイミング を分割させ，ディスクI/O 負荷を分散させるものである．また，このプロトタイプとして，逐次プロセスの投機チェックポインタを実装した．これを使用し，並列環境での評価を行なっ た．その結果，投機的チェックポインティングを実装したものは実装していないものと比較して最大33 ％チェックポイント時間の削減効果が観測され，投機的チェックポインティングの有効性が示された．,,山形育平,實本英之,中田秀基,松岡聡,
swopp04tanimura,Ninf-G2の性能評価：科学技術計算における事例,情報処理学会研究報告 2004-HPC-99,37-42,2004,7月,ja,,ninf,谷村勇輔,池上努,中田秀基,田中良夫,関口智嗣
swopp04aida,グリッド上での並列分枝限定法アプリケーションの評価,情報処理学会研究報告 2004-HPC-99,139-144,2004,7月,ja,,ninf,合田憲人,大角知孝,中村心至,,
swopp04oosumi,階層的マスタワーカ方式を用いたグリッドアプリケーションにおける負荷分散の性能評価,情報処理学会研究報告 2004-HPC-99,31-36,2004,7月,ja,,ninf,大角知孝,合田憲人,,,
,#hpcaia,,,,,,,,,,,,,
hpcasia04nakada,The Design and implementation of a Fault-Tolerant RPC system: Ninf-C,Proceedings of HPC ASIA 2004,9-18,2004,7月21日,en,"We describe the design and implementation of a fault tolerant GridRPC system, Ninf-C, designed for easy programming of large-scale master-worker programs that take from few days to few months for its execution in a Grid environment. Ninf-C employs Condor, developed at University of Wisconsin, as the underlying middleware supporting remote file transmission and checkpointing for system-wide robustness for application users on the Grid. Ninf-C layers all the GridRPC communication and task parallel programming features on top of Condor in a non-trivial fashion, assuming that the entire program is structured in a masterworker style?in fact, older Ninf master-worker programs can be run directly or trivially ported to Ninf-C. In contrast to the original Ninf, Ninf-C exploits and extends Condor features extensively for robustness and transparency, such as 1) checkpointing and stateful recovery of the master process, 2) the master and workers mutually communicating using (remote) files, not IP sockets, and 3) automated throttling of parallel GridRPC calls; and in contrast to using Condor directly, programmers can set up complex dynamicworkflow as well as master-worker parallel structure with almost no learning curve involved. To prove the robustness of the system, we performed an experiment on a heterogeneous cluster that consists of x86 and SPARC CPUs, and ran a simple but long-running master-worker program with staged rebooting of multiple nodes to simulate some serious fault situations. The program execution finished normally avoiding all the fault scenarios, demonstrating the robustness of Ninf-C.",ninf,Hidemoto Nakada,Yoshio Tanaka,Satoshi Matsuoka,Satoshi Sekiguchi,,
hpcasia04suzumura,"Toyotaro Suzumura, Hidemoto Nakada, Satoshi Matsuoka, and Henri Casanova. GridSpeed: A Web-based Grid Portal Generation Server",Proceedings of HPC ASIA 2004,26-33,2004,7月21日,en,"GridSpeed is a grid portal hosting server that automatically generates and publishes a customized web interface to the grid for applications, with minimal effort required from the user. Users need only to specify information regarding their application using simple GridSpeed web forms. With GridSpeed, users need not make any modi cations to their applications nor write any glue code to publish the application on the web, not requiring any knowledge of Perl, JSP (Java Server Pages) or Java Servlets. Moreover, the portal generated by GridSpeed provides an application frontend as well as a set of fundamental portal services such as an information service, monitoring service, data management, single sign-on, and so forth. GridSpeed publishes a set of portals as Grid services themselves generated by the system that is sharable, searchable, and accessible from others interested in using the application. This feature facilitates the reuse of application portals for speci c application domains, as well as increases the number of available Grid applications accessible on the web. This paper describes an overview and architecture of the GridSpeed system, and evaluates the system for two real-world scienti c applications: BLAST and MCell.",,Toyotaro Suzumura,Hidemoto Nakada,Satoshi Matsuoka,Henri Casanova,,
hpcaisa04watanabe,Relis-G: Remote Library Install System for Computational Grids,Proceedings of HPC ASIA 2004,44-53,2004,7月21日,en,,ninf,Hiromasa watanabe,Hiroki Honda,Toshitsugu Yuba,Yoshio Tanaka,Mitsuhisa Sato,
,#jcg04,,,,,,,,,,,,,
jcg04takemya,Constructing Grid Applications using Standard Grid Middleware,"Journal of Grid Computing, Vol. 1, No. 2, Kluwer Academic Publishers",117-131,2004,June,en,"The effectiveness of standard grid middleware has been evaluated through the work of ``gridifying'' a legacy program. As a case study, we have gridified a typical parameter survey program called barotropic S-model which aims to predict short- to middle-term weather change accurately. Ninf-G was used to gridify the system. It was found that the program could be easily gridified using Ninf-G without worrying about the complicated structure of the grid itself. Performance was measured on the ApGrid Testbed which spreads over Pan-Pacific countries. Although large costs of initialization and termination hinder the application from attaining good performance, these costs can be reduced by optimizing the middleware as well as the application itself. Using over 100 processors, we succeeded in giving a demonstration of a weather prediction simulation at the CCGrid conference, PRAGMA workshop, and SC2003 conference. Lessons learned from the construction of the demonstration system are presented.",ninf,Hiroshi Takemiya,Kazuyuki Shudo,Yoshio Tanaka,Satoshi Sekiguchi,,
,#sacsis04,,,,,,,,,,,,,
sacsis04nakada,耐故障性を重視したRPCシステムNinf-Cの設計と実装,先進的計算基盤システムシンポジウム SACSIS2004 論文集,77-84,2004,5月,ja,耐故障性を重視したRPCシステムNinf-Cの設計と実装に関して述べる。Ninf-Cは、全体として数日から数ヶ月を要する大規模なマスタ ワーカ型計算を安定して実行することを目的としたシステムで、ウィスコンシン大学で開発されたスケジューリングシステムCondorの提供する機能を利用 することで、マスタを含むシステム全体に耐故障性を持たせている。Ninf-CのRPCは、Condorのファイルステージ機能を用いて実現される。直接 ソケット通信を使用せずにファイル経由で通信を行うことで、マスタとワーカのチェックポイントをとることを可能とした。また、ファイルに残った通信記録を 用いてマスタの状態を復元する。さらに、Condor-Gを利用することで、Globusによって構築されたグリッド環境下での運用も可能である。 Ninf-Cの有効性を確認するため、クラスタ環境で簡単なマスタワーカ型プログラムを長時間実行した。この際、マスタおよびワーカを実行しているマシン をシャットダウンするといった人為的な外乱をあたえたが、プログラムは19時間かけて問題なく実行を終了し、Ninf-Cの耐故障性が実証された。,ninf,中田秀基,田中良夫,松岡聡,関口智嗣,,
sacsis04takemiya,Ninf-G2: 大規模Grid環境での利用に即した高機能，高性能GridRPCシステムの実装と評価,先進的計算基盤システムシンポジウム SACSIS2004 論文集,69-76,2004,5月,ja,,ninf,武宮博,田中良夫,中田秀基,関口智嗣,,
sacsis04suzumura,サービス指向アーキテクチャに基づいたグリッドポータル自動生成サーバー GridSpeed の設計と実装,先進的計算基盤システムシンポジウム SACSIS2004 論文集,,2004,5月,ja,,,鈴村豊太郎,中田秀基,松岡聡,,,
,#hokke04,,,,,,,,,,,,,
hokke04takemiya,Ninf-G version2の実装および性能評価,情報処理学会研究報告 2004-HPC-97,19-24,2004,3月3日,ja,Ninf-G version2は，Gridプログラミングモデルの一つであるGridRPCの参照実装であり，広域に分散した複数代のクラスタから構成される大規模Grid環境上でアプリケーションを効率よく実行することを目的とする．関数ハンドル同時生成機能やリモートオブジェクトを実装することで，遠隔手続き呼び出しに伴う起動コストや通信コストの低減を図るとともに，ハートビート機能，関数ハンドル作成タイムアウト機能，サーバ属性の個別設定機能を提供することで，非均質，不安定で動的に変化するGrid環境への対応を図っている．4台のクラスタ計300プロセッサから構成されるGridテストベッド上でNinf-G version2の実行性能を測定した．その結果，関数ハンドル同時生成機能がプログラム起動コストの低減に有効であること，およびNinf化されたシミュレーションが大規模グリッド環境で効率的に実行可能であることがわかった．,ninf,武宮博,田中良夫,中田秀基,関口智嗣,,
hokke04ogura,グリッド環境におけるVM上でのジョブ実行の検討,情報処理学会研究報告 2004-HPC-97,25-30,2004,3月3日,ja,グリッド上で利用される計算機において、ユーザの権限に応じた、適切で細粒度な各種内部リソースへのアクセス制御を行うために、プロセスの仮想化 手法を用いる。近年複数提案されているが、個々の手法のコストは、対象となるアプリケーションの性質やアクセスポリシによって異なり、かつ制御を行う有効 性自身も未解決である。そこで、アプリケーションの性質やポリシによって仮想化手法を選択し、常に低オーバヘッドな仮想化を実現する手法を提案し、かつそ れぞれの手法の適用性を実際のグリッド上で選択されるクラスタノード上の種々のベンチマークを通じて検証する。作成したプロトタイプはGlobus Toolkit2.4 を用いてユーザとポリシに基づいて仮想化手法を選択し、ジョブマネージャの一つとして仮想化環境内でジョブを起動する。NPB2.4 ベンチマークによる結果では、適切な仮想化手法を用いることでオーバーヘッドを最小にすることが可能で、かつ通信を頻繁に行なうアプリケーションではライ ブラリコールの仮想化が最適であり、複数プロセスの仮想化にはカーネルモジュールを用いたシステムコールの仮想化が最適であるなどの詳細な指針を得た。,,小倉章嗣,河野健二,松岡聡,中田秀基,,
hokke04nakada,Condorの汎用グリッドインターフェイスの設計とUNICOREへの適用,情報処理学会研究報告 2004-HPC-97,37-42,2004,3月3日,ja,本稿では、Condor システムにおける、汎用の外部グリッドシステムへのインターフェイス機構の設計および実装に関して述べる。Condor システムは特定の外部グリッドシステムに対するインターフェイスを持っているが、これを使用するにはCondor システム内部の変更が必要になり、新たな外部グリッドシステムのサポートを追加することが難しかった。われわれは、任意の外部グリッドシステムへのイン ターフェイスを容易に構築するための汎用インターフェイスを設計し、この問題を解決した。さらに、この汎用インターフェイスを用いて、UNICORE システムを外部グリッドシステムとして利用するブリッジを実装し、汎用インターフェイスによる手法の有効性を確認した。,,中田秀基,Jaime Frey,山田基弘,伊藤泰善,中野恭成,松岡聡
hokke04yamamoto,グリッド技術を用いた進化系統樹推定の並列化,情報処理学会研究報告 2004-HPC-97,181-186,2004,3月3日,ja,進化系統樹の推定では最尤法を用いた手法が最も優れた推定法の1つとされているが、最尤法の計算量は大きく、種の個数が増えると系統樹の個数は莫 大となるため全系統樹の尤度を求めることは事実上不可能となる。系統樹の構成要素であるスプリットの尤度を最尤法によって計算し、スプリットの尤度を用い た行列計算によって系統樹の尤度を近似計算する手法が提案されている。しかし、種の個数がさらに増大すると、近似計算であってもすべての系統樹に対して行 うことは困難になる。本研究では、系統樹の推定を系統樹空間における探索問題とみなし、最適化手法を適用することで、近似計算の対象となる系統樹の個数を 削減する。また、グリッドミドルウェアを用いたマスタ・ワーカ方式を採用し、尤度計算および最適化手法の並列実行を可能にした。生物9種の系統樹推定にお いて16ワーカを用いた結果、64.0倍の性能向上が得られた。,"jojo,ninf",山本洋,中田秀基,下平英寿,松岡聡,,
hokke04tokuda,Jojoによる遺伝的プログラミングの並列化,情報処理学会研究報告 2004-HPC-97,187-192,2004,3月3日,ja,進化系統樹の推定では最尤法を用いた手法が最も優れた推定法の1つとされているが、最尤法の計算量は大きく、種の個数が増えると系統樹の個数は莫 大となるため全系統樹の尤度を求めることは事実上不可能となる。系統樹の構成要素であるスプリットの尤度を最尤法によって計算し、スプリットの尤度を用い た行列計算によって系統樹の尤度を近似計算する手法が提案されている。しかし、種の個数がさらに増大すると、近似計算であってもすべての系統樹に対して行 うことは困難になる。本研究では、系統樹の推定を系統樹空間における探索問題とみなし、最適化手法を適用することで、近似計算の対象となる系統樹の個数を 削減する。また、グリッドミドルウェアを用いたマスタ・ワーカ方式を採用し、尤度計算および最適化手法の並列実行を可能にした。生物9種の系統樹推定にお いて16ワーカを用いた結果、64.0倍の性能向上が得られた。,jojo,徳田拓,田中康司,中田秀基,松岡聡,,
,#hpcs04,,,,,,,,,,,,
hpcs04aida,細粒度最適化問題アプリケーションのグリッドテストベッド上への実装,情報処理学会ハイパフォーマンスコンピューティングと計算科学シンポジウム（HPCS2004）,76-76,2004,Jan.,ja,,ninf,合田憲人,中村心至,,,
,#ic03,,,,,,,,,,,,
ic03watanabe,GridRPCシステムにおけるリモートプログラムシッピング機構,"インターネットコンファレンス2003論文集,",27-34,2003,,ja,,ninf,渡邊啓正,本多弘樹,弓場敏嗣,田中良夫,佐藤三久
,#hpc0310,,,,,,,,,,,,
hpc0310nakada,GridRPCを用いたタスクファーミングAPIの試作,"情報処理学会ハイパフォーマンスコンピューティング研究会，Vol. 2003, No. 102",61-66,2003,Oct.,ja,,ninf,中田秀基,田中良夫,松岡聡,関口智嗣,
hpc0310fujita,Ninf-Gによるグリッド数値計算ライブラリーの構築,"情報処理学会ハイパフォーマンスコンピューティング研究会，Vol. 2003, No. 102",67-72,2003,Oct.,ja,,ninf,藤田有哉,田中良夫,関口智嗣,,
hpc0310watanabe,GridRPCシステムにおけるリモートプログラムシッピング機構,"情報処理学会ハイパフォーマンスコンピューティング研究会，Vol. 2003, No. 102",73-78,2003,Oct.,ja,,ninf,渡邊啓正,本多弘樹,弓場敏嗣,田中良夫,佐藤三久
,#acs3,,,,,,,,,,,,
acs3takemiya,Grid環境上における気象予報シミュレーションシステムの構築,"情報処理学会論文誌 コンピューティングシステム Vol. 44, No. SIG 11(ACS 3)",23-33,2003,Aug.,ja,,ninf,武宮博,首藤一幸,田中良夫,関口智嗣,
acs3ikegami,Grid: 広域分散並列環境での高精度分子シミュレーション -- C_{20}分子のレプリカ交換モンテカルロ,"情報処理学会論文誌 コンピューティングシステム Vol. 44, No. SIG 11(ACS 3)","14-22,",2003,Aug.,ja,,ninf,池上努,武宮博,田中良夫,長嶋雲兵,関口智嗣
,#swopp03,,,,,,,,,,,,
swopp03hirano,GridPSE Builder: グリッドにおける汎用PSE構築ツールの開発,"情報処理学会ハイパフォーマンスコンピューティング研究会，Vol. 2003, No. 83",77-82,2003,Aug.,ja,,ninf,平野基孝,山本直孝,田中良夫,伊藤智,関口智嗣
swopp03tanaka,Ninf-G2: 大規模環境に即した高機能，高性能GridRPCシステム,"情報処理学会ハイパフォーマンスコンピューティング研究会，Vol. 2003, No. 83",65-70,2003,Aug.,ja,,ninf,田中良夫,中田秀基,朝生正人,関口智嗣,
swopp03nakamura,PCクラスタ上での並列分枝限定法の高速化手法,"情報処理学会ハイパフォーマンスコンピューティング研究会，Vol. 2003, No. 83",125-130,2003,Aug.,ja,,ninf,中村心至,山田真太郎,二方克昌,合田憲人,
swopp03shirose,グリッドコンピューティングにおけるモニタリングシステムの自律的構成,"情報処理学会ハイパフォーマンスコンピューティング研究会，Vol. 2003, No. 83",89-94,2003,Aug.,ja,,,白勢 健一郎,小川 宏高,中田秀基,松岡聡,
swopp03shirasuna,アプリケーションのインストール、データの配布、更新をサポートするグリッドポータル構築ツールキット(PCT4G) の開発,"情報処理学会ハイパフォーマンスコンピューティング研究会，Vol. 2003, No. 83",173-178,2003,Aug.,ja,,,白砂哲,鈴村豊太郎,中田秀基,松岡聡,
swopp03sato,レプリカ交換分子動力学シミュレータREMD Toolkitのグリッド上での実行,"情報処理学会ハイパフォーマンスコンピューティング研究会，Vol. 2003, No. 83",41-46,2003,Aug.,ja,,,佐藤仁,伊藤正勝,中田秀基,松岡聡,
swopp03hamano,次世代グリッド基盤OGSAにおけるＣ言語動作環境提供システムの試作と評価,"情報処理学会ハイパフォーマンスコンピューティング研究会，Vol. 2003, No. 83",179-184,2003,Aug.,ja,,,濱野智行,中田秀基,鈴村豊太郎,松岡聡,
,#jgc03tanaka,,,,,,,,,,,,
jgc03tanaka,Ninf-G: A Reference Implementation of RPC-based Programming Middleware for Grid Computing,"Journal of Grid Computing, Vol. 1, No. 1",41-51,2003,June,en,"GridRPC, which is an RPC mechanism tailored for the Grid, is an attractive programming model for Grid computing. This paper reports on the design and implementation of a GridRPC programming system called Ninf-G. Ninf-G is a reference implementation of the GridRPC API which has been proposed for standardization at the Global Grid Forum. In this paper, we describe the design, implementations and typical usage of Ninf-G. A preliminary performance evaluation in both WAN and LAN environments is also reported. Implemented on top of the Globus Toolkit, Ninf-G provides a simple and easy programming interface based on standard Grid protocols and the API for Grid Computing. The overhead of remote procedure calls in Ninf-G is acceptable in both WAN and LAN environments.",ninf,Yoshio Tanaka,Hidemoto Nakada,Satoshi Sekiguchi,Toyotaro Suzumura,Satoshi Matsuoka
,#ccgrid03,,,,,,,,,,,,
ccgrid03aida,Distributed Computing with Hierarchical Master-worker Paradigm for Parallel Branch and Bound Algorithm,"Proceedings oft the 3rd IEEE/ACM International Symposium on Cluster Computing and the Grid (CCGrid 2003),",156-163,2003,,en,,ninf,Kento Aida,Wataru Natsume,Yoshiaki Futakata,,
,#sacsis03,,,,,,,,,,,,
sacsis03takemiya,Grid環境上における気象予報シミュレーションシステムの構築,"先進的計算基盤システムシンポジウム SACSIS 2003, IPSJ Symposium Series Vol. 2003, No. 8",243-250,2003,,ja,,ninf,武宮博,首藤一幸,田中良夫,関口智嗣,
sacsis03ikegami,Grid: 広域分散並列環境での高精度分子シミュレーション -- C_{20}分子のレプリカ交換モンテカルロ,"先進的計算基盤システムシンポジウム SACSIS 2003, IPSJ Symposium Series Vol. 2003, No. 8",251-258,2003,,ja,,ninf,池上努,武宮博,田中良夫,長嶋雲兵,関口智嗣
